order_id,customer_id,order_date,amount,status
703,62,2026-02-23,425.42,cancelled
93,200,2026-06-12,215.45,pending
624,2,2026-08-21,482.44,pending
695,61,2026-08-19,154.37,pending
249,12,2025-11-20,,refunded
582,96,2025-10-06,398.47,cancelled
30,34,2026-03-05,466.96,completed
694,148,,300.97,cancelled
735,172,2025-10-09,29.01,completed
764,193,2025-11-08,411.24,refunded
523,52,,65.71,completed
676,97,2026-01-26,44.72,pending
229,141,2025-12-23,69.85,cancelled
218,83,2025-12-06,336.72,pending
97,171,2025-09-24,267.91,cancelled
387,75,2025-11-10,167.42,
437,55,2026-04-29,174.16,refunded
729,66,2026-01-22,382.86,refunded
230,113,2026-01-28,441.02,refunded
743,138,2026-04-23,488.85,completed
517,102,2025-09-19,160.62,cancelled
697,77,2026-08-12,141.2,pending
586,36,2025-12-17,358.23,refunded
364,169,,243.68,completed
59,90,2026-07-02,156.07,pending
20,173,2026-02-06,431.6,refunded
186,39,2025-09-05,78.85,cancelled
521,181,2026-03-27,225.91,cancelled
417,158,2026-03-03,299.07,refunded
553,161,2026-08-31,275.06,cancelled
499,22,2025-10-06,364.91,completed
372,18,2025-12-21,75.23,completed
287,199,2025-09-27,400.44,cancelled
690,113,2026-03-04,,pending
333,34,2026-05-17,12.36,pending
685,9,2026-03-31,405.69,refunded
149,163,2026-05-05,446.33,refunded
434,33,2026-01-19,336.71,
308,157,2026-03-14,,completed
554,124,2026-02-28,126.21,refunded
775,48,2026-01-11,341.45,refunded
95,143,2026-07-18,128.35,completed
324,24,2026-06-25,333.07,completed
773,116,2026-02-14,247.85,cancelled
765,20,,153.14,pending
277,74,2026-05-24,340.42,pending
42,12,2025-11-13,6.76,pending
236,184,2026-08-03,149.47,cancelled
110,53,2026-04-25,417.28,refunded
759,55,2026-05-13,451.13,refunded
328,151,2025-09-07,111.9,pending
718,199,2026-03-25,145.11,refunded
248,60,2026-05-03,,refunded
25,62,2026-01-26,136.48,pending
538,175,2025-10-23,261.09,pending
361,185,2026-08-23,30.47,cancelled
447,60,2026-05-23,269.34,cancelled
588,84,2025-10-03,466.03,cancelled
11,43,,192.59,refunded
744,129,2026-04-08,407.51,refunded
486,165,2026-06-27,91.67,refunded
796,2,2026-03-22,474.67,cancelled
667,173,2026-04-23,404.42,completed
628,197,,49.28,pending
181,27,2026-03-02,437,cancelled
751,77,2026-05-18,343.6,completed
555,77,2026-01-10,229.5,completed
653,35,2026-05-21,241.7,refunded
571,56,2025-09-03,293.76,completed
283,148,2026-01-06,151.46,cancelled
421,16,2026-07-06,228.01,cancelled
182,121,2026-08-10,241.96,cancelled
800,123,2026-06-30,160.52,refunded
58,57,2026-01-03,103.79,refunded
578,142,2026-03-24,,refunded
727,59,2025-11-13,193.02,pending
266,26,2025-11-16,381.38,completed
174,71,2026-08-02,363.67,cancelled
177,4,2025-11-05,355.47,pending
656,194,2026-08-30,-24.55,pending
410,175,,462.46,cancelled
772,199,2025-12-26,166.56,cancelled
474,153,2025-12-11,-7.77,pending
491,80,2026-03-27,260.11,
14,40,2026-03-02,99,pending
195,62,2026-07-10,91.04,completed
479,135,2026-06-24,274.32,completed
113,2,2025-11-11,471.66,cancelled
568,132,2026-05-30,236.07,cancelled
342,16,2025-12-16,499.3,refunded
132,52,2026-08-17,420.42,pending
244,39,2026-02-01,226.04,refunded
707,63,2025-12-20,131.22,cancelled
481,163,2025-10-11,196.51,cancelled
51,171,2026-03-09,55.88,refunded
74,185,2026-06-15,450.52,cancelled
480,100,2026-07-31,437.3,completed
151,188,2026-04-23,263.26,cancelled
314,95,2026-05-06,336.89,refunded
109,139,,235.63,completed
662,84,2026-03-19,427.97,refunded
142,27,2026-03-18,350.11,cancelled
118,172,2025-12-19,,refunded
495,95,2026-07-09,,refunded
427,174,2025-10-25,300.95,cancelled
241,88,2025-10-28,467.45,cancelled
428,17,2025-12-06,168.2,refunded
640,146,2026-08-16,338.83,pending
785,142,2026-02-27,51.07,cancelled
213,148,2026-05-04,24.91,pending
570,130,2025-10-10,231.33,pending
610,77,2026-08-15,386.73,pending
79,158,2025-11-03,286.71,refunded
386,197,2026-05-25,,cancelled
198,9,2025-10-13,119.58,cancelled
611,177,2026-01-01,353.97,cancelled
618,138,2026-08-24,139.21,cancelled
383,135,2026-08-05,335.23,completed
511,9,2026-03-14,67.48,pending
496,191,2026-04-29,222.67,refunded
733,48,2026-06-24,,completed
175,26,2025-11-05,417.15,cancelled
430,86,2026-04-01,45.34,pending
112,196,2026-04-13,289.97,
35,170,2025-10-15,56.28,pending
167,122,2026-04-26,278.97,cancelled
388,128,2025-12-09,374.77,pending
329,85,2025-11-16,388.31,completed
190,114,2025-12-15,152.19,refunded
503,79,2025-09-05,,refunded
650,79,2026-04-21,84.06,cancelled
659,20,2026-03-06,459.04,completed
638,166,2026-05-09,132.35,pending
359,172,2026-02-05,65.5,cancelled
473,17,2026-03-14,,refunded
306,28,2025-11-06,339.04,refunded
38,73,2026-06-19,304.39,
355,96,2026-08-15,477.03,refunded
705,15,2026-05-15,283.38,refunded
207,180,2025-11-05,204.24,cancelled
382,174,2026-04-26,340.85,refunded
88,122,2025-09-08,307.58,
273,159,2026-02-16,343.15,refunded
271,145,2026-02-14,342.49,pending
673,47,2025-09-18,385.64,refunded
613,74,2026-06-23,65.33,
432,34,2025-10-27,299.55,completed
225,169,2026-04-29,435.34,refunded
6,20,2025-12-23,224.35,completed
216,163,2025-12-29,408.05,completed
155,72,2025-10-08,441.41,pending
145,137,2025-10-22,217.05,cancelled
726,76,2026-04-14,,cancelled
416,74,2026-03-08,42.98,completed
627,83,2026-05-14,146.28,completed
389,34,2026-05-06,193.2,pending
179,142,2026-09-01,149.61,pending
351,111,2026-05-01,228.52,pending
429,73,2026-08-10,129.74,
719,137,2026-08-18,326.12,
505,115,2026-03-03,25.97,cancelled
188,143,2025-10-11,383.4,pending
37,191,2026-01-24,278.85,cancelled
614,102,2025-12-31,410.1,pending
709,95,2025-10-14,50.77,
516,147,2026-02-23,73.16,cancelled
199,180,2025-10-31,430.51,completed
176,59,2026-07-21,183.64,cancelled
575,187,2025-10-20,186.06,refunded
338,132,2025-11-20,298.86,refunded
152,158,2025-09-21,405.06,refunded
492,65,2026-08-30,23.13,pending
46,177,,,completed
771,20,,173.59,refunded
260,167,2026-03-06,44.76,cancelled
475,184,2026-08-25,76.07,refunded
148,28,2025-11-29,219.59,cancelled
138,28,2026-02-10,291.45,cancelled
446,114,2025-11-02,307.24,refunded
609,72,2025-12-22,281.25,
748,69,2026-07-08,398.49,completed
312,127,2025-09-10,62.48,pending
752,168,2025-12-19,495.88,completed
686,158,2026-02-12,384.2,completed
264,61,2026-03-11,317.42,cancelled
683,64,2026-03-10,233.01,pending
459,116,2026-07-07,442.89,completed
341,118,2026-03-05,323.45,completed
313,138,2025-12-20,72.15,refunded
664,24,2026-01-11,449.95,refunded
755,180,2025-10-21,89.83,refunded
788,147,2026-06-07,262.95,
542,32,2026-08-24,261.46,cancelled
8,24,2026-08-13,463.55,pending
605,81,2026-04-18,478.56,refunded
153,120,2026-01-31,220.61,cancelled
82,120,2026-07-06,223.68,pending
407,195,2026-04-11,380.78,completed
348,117,2025-12-28,255.25,refunded
714,55,2026-08-28,,completed
100,191,2025-12-29,,refunded
83,131,2025-10-26,239.23,pending
129,90,2026-01-18,115.99,completed
418,119,2025-10-08,292.26,completed
472,108,2025-09-06,321.28,refunded
411,161,2026-06-12,161.49,
679,136,2026-02-06,68.04,pending
549,145,2026-01-25,25.39,completed
758,136,2025-11-07,459.98,pending
420,83,2026-02-20,304.48,pending
302,143,2026-05-02,186.06,refunded
201,161,2025-12-05,296.95,pending
637,85,2026-03-20,85.43,refunded
399,112,2026-08-18,296.49,completed
204,37,2026-06-18,40.35,pending
279,151,2026-06-27,153.08,refunded
339,129,2026-07-15,114.67,completed
64,8,2026-01-14,62.09,cancelled
482,65,2025-10-07,374.92,cancelled
205,79,2026-03-28,,cancelled
564,13,2025-10-02,,refunded
52,159,2025-12-31,375.99,pending
108,17,2026-06-11,210.36,cancelled
487,179,2025-12-08,241.87,pending
99,141,2025-11-16,225.73,pending
250,181,2025-12-01,457.15,refunded
362,154,2026-08-12,159.66,completed
353,103,2025-12-20,210.91,completed
515,95,2026-07-23,189.15,completed
513,99,2025-11-18,474.99,completed
793,93,2026-02-16,129.59,pending
460,107,2025-11-25,31.36,
290,161,2026-01-29,53.1,completed
762,46,2025-10-22,464.74,cancelled
166,79,2025-12-28,333.66,cancelled
590,152,2026-07-30,,refunded
525,23,2026-08-19,406.2,cancelled
159,67,2026-08-08,173.47,cancelled
315,151,2026-03-20,372.42,pending
604,170,2025-12-01,241.79,refunded
398,112,2026-01-01,423.02,pending
227,160,2025-09-24,379.44,refunded
723,95,2026-04-24,159.9,completed
286,156,2026-08-10,373.86,cancelled
607,174,2025-11-12,,cancelled
484,198,2025-11-11,293.04,cancelled
233,142,2026-05-17,206.96,pending
646,115,2026-06-28,378.11,cancelled
91,103,2026-05-12,125.77,completed
87,38,2025-10-12,17.09,pending
600,108,2026-02-03,79.96,pending
196,41,2026-02-20,6.32,refunded
295,34,2026-02-02,394.32,cancelled
477,147,2026-06-26,211.2,completed
301,174,2026-05-09,363.49,refunded
222,23,2025-12-21,160.69,cancelled
739,16,2026-02-16,310.83,refunded
299,30,2026-07-30,,completed
736,106,2026-07-18,73.06,pending
22,149,2026-05-26,299.29,completed
581,33,2026-01-09,487.67,refunded
645,2,2026-05-13,-61.26,pending
363,148,2026-05-05,256.17,pending
66,10,2026-08-26,58.66,refunded
228,195,,30.55,cancelled
390,129,2026-04-10,281.57,cancelled
783,111,2026-02-01,227.18,refunded
566,84,2026-05-20,467.21,cancelled
732,44,2026-06-04,74.28,refunded
710,14,2026-07-09,,completed
438,50,2026-05-10,117.14,pending
358,34,2026-04-19,280.4,cancelled
415,116,2025-12-06,-23.75,cancelled
665,15,2026-07-26,229.45,refunded
343,110,2026-06-27,344.62,refunded
114,193,2025-12-01,198.04,refunded
621,164,2026-08-14,120.25,completed
602,189,2025-09-30,365.06,pending
63,174,2026-06-27,490.67,cancelled
72,94,2026-02-22,218.49,cancelled
464,38,2026-01-16,,cancelled
237,107,2025-12-18,418.19,refunded
354,81,2025-09-24,216.25,cancelled
591,182,2026-08-26,283.65,refunded
790,69,2025-12-11,249.1,completed
537,165,2026-06-05,41.71,refunded
316,107,2026-03-15,329.19,refunded
655,107,2025-09-29,352.46,refunded
634,86,2025-10-13,145.86,refunded
757,145,2025-12-22,488.78,completed
344,183,2026-05-27,455.3,completed
154,83,2026-05-22,426.6,completed
26,172,2026-03-29,324.52,refunded
263,139,2025-12-31,22.77,completed
203,166,2026-05-29,78.75,cancelled
183,48,2026-08-20,482.92,cancelled
623,26,2025-12-25,342.19,pending
311,12,2025-09-03,,cancelled
76,179,2026-04-01,151.35,
391,19,2026-07-18,201.55,completed
111,198,2026-05-13,294.12,completed
21,31,2026-07-21,471.09,pending
630,45,2025-11-29,211.85,pending
467,158,2026-04-15,7.6,completed
47,95,2026-01-01,293.34,pending
320,93,2025-12-11,54.18,cancelled
769,177,2026-03-24,363.46,cancelled
545,21,2026-07-05,129.05,cancelled
374,97,2026-06-23,,cancelled
530,52,2025-09-30,397.07,pending
107,178,2026-01-09,80.64,pending
184,123,2026-08-06,61.47,completed
677,168,2026-06-04,430.84,completed
424,113,2026-01-31,264.41,pending
629,137,2026-03-31,370.65,completed
161,22,2026-08-10,124.47,refunded
698,161,2025-10-23,340.98,refunded
789,44,2025-12-17,73.73,cancelled
539,200,2026-08-29,277.9,pending
120,33,2025-11-16,490.46,completed
633,10,2026-01-23,9.59,completed
572,13,2025-12-23,144.27,refunded
730,186,2026-05-17,322.64,refunded
734,135,2025-09-24,21.74,completed
104,20,2025-11-04,358.2,pending
349,26,2025-12-21,397.58,completed
498,178,2026-06-07,251.27,cancelled
485,35,2026-03-13,26.95,cancelled
652,95,2026-05-01,309.24,pending
409,119,2026-08-02,378.45,refunded
350,168,2025-10-24,327.2,pending
660,16,2026-08-04,415.24,pending
671,139,2026-01-09,497.09,completed
574,111,2025-12-09,71.3,cancelled
558,81,2026-05-08,431.44,cancelled
340,187,,392.7,cancelled
691,194,2026-01-06,432.55,completed
795,118,2026-06-09,57.95,cancelled
688,153,2026-06-11,21.62,completed
304,117,2026-04-29,187.45,cancelled
39,53,2026-01-04,345.31,cancelled
327,18,2026-07-22,,pending
69,99,2026-05-25,,pending
259,87,2026-03-21,,refunded
49,94,2026-02-16,450,completed
298,76,2026-07-17,374.55,cancelled
44,190,2026-03-04,223.71,refunded
619,36,2025-10-21,59.07,pending
704,182,2026-02-09,76.45,refunded
741,137,2026-07-14,278.06,completed
267,114,2026-04-03,87.35,cancelled
520,144,2026-07-28,63.29,cancelled
493,74,2025-11-23,181.7,completed
666,117,2026-03-17,284.14,refunded
749,96,2026-04-15,479.85,refunded
565,158,2025-10-28,211.98,pending
31,63,2026-06-08,187.92,pending
252,127,2026-07-18,482.59,pending
767,174,2026-04-26,448.78,cancelled
122,22,2025-12-27,323.16,pending
272,44,2026-03-08,91.66,refunded
615,75,2026-01-02,25.82,completed
644,36,2025-12-17,241.34,pending
158,47,2026-03-22,,cancelled
373,24,2026-05-18,374.33,pending
193,196,2026-03-01,107.86,pending
337,122,2025-11-26,226.9,cancelled
657,196,2026-02-24,127.5,completed
509,94,2026-07-13,258.98,pending
405,61,2026-02-24,55.89,cancelled
356,18,2026-07-20,50.16,completed
326,33,2026-06-09,394.55,pending
782,27,2026-05-10,70.59,pending
278,19,2026-01-24,223.66,cancelled
543,43,2025-09-21,85.17,pending
210,189,2026-07-01,164.55,cancelled
4,138,2026-03-09,227.06,refunded
701,105,2025-11-16,78.86,refunded
756,112,2025-10-15,324.23,cancelled
280,177,2026-06-01,128.8,cancelled
494,168,2026-05-10,169.3,completed
101,67,,377.13,cancelled
253,129,2025-10-01,482.85,cancelled
573,74,2026-01-11,270.66,completed
404,90,2026-09-02,365.05,pending
238,63,2026-04-14,-63.34,pending
125,84,2026-06-20,172.06,refunded
319,114,2026-01-06,225.12,pending
379,170,2025-10-21,214.89,refunded
599,49,2026-02-08,14.37,cancelled
289,174,2025-09-13,379.01,pending
715,192,2025-11-30,499.79,refunded
594,153,2026-01-19,239.92,pending
658,135,2026-01-26,226.14,cancelled
5,47,2026-03-03,142.88,pending
476,1,2025-09-08,309.33,pending
441,170,,171.7,pending
45,144,2025-09-18,9.79,completed
168,109,2026-07-31,498.33,cancelled
559,188,2026-05-01,,cancelled
239,99,2025-11-21,99.35,pending
36,68,2026-08-24,62.14,completed
206,113,2026-06-06,66.56,cancelled
449,95,2026-08-03,,refunded
506,158,2026-02-07,499.08,cancelled
443,47,2026-02-28,-81.83,pending
435,166,2026-07-04,336.88,cancelled
444,185,2025-11-02,221.65,refunded
27,81,2025-11-12,464.86,completed
345,21,2025-12-27,164.45,pending
258,121,2025-09-24,391.86,cancelled
547,129,2026-06-10,322.29,pending
712,123,2026-05-07,,cancelled
293,24,2026-08-26,455.27,cancelled
478,135,2026-05-06,487.45,completed
423,11,2026-01-15,127.63,refunded
164,115,2025-11-14,397.5,completed
369,8,2026-06-05,94.31,
214,121,2025-11-08,261.89,refunded
393,81,2026-06-07,290,refunded
165,76,2026-08-20,114.69,pending
115,138,2026-03-25,375.02,pending
753,24,2026-04-14,,refunded
692,36,2025-09-10,254.43,cancelled
457,70,2026-06-08,227.41,pending
366,30,2026-02-01,382.49,pending
540,197,2026-05-25,483.3,refunded
585,129,2026-01-20,24.93,completed
19,48,2026-07-09,38.92,completed
453,65,2025-09-14,30.83,refunded
617,192,2026-07-13,242.14,pending
77,50,2026-05-24,213.12,refunded
197,177,2025-11-11,298.94,cancelled
187,22,2026-03-28,496.99,completed
242,1,2026-06-02,145.01,cancelled
24,67,2026-01-13,106.11,cancelled
126,72,2025-12-11,377.24,refunded
7,13,2025-09-10,327.81,completed
442,153,2026-04-24,191.48,pending
663,30,,341.75,refunded
23,108,2026-06-08,330.4,cancelled
636,70,2026-04-06,100.44,completed
261,173,2026-03-30,430.37,refunded
380,107,2025-11-29,140.22,completed
777,64,2025-10-21,357.99,completed
533,157,2026-07-04,442.7,completed
371,37,2026-07-09,285.33,refunded
674,96,2026-08-28,-76.47,
606,137,2026-04-07,174.45,cancelled
458,112,2026-01-30,50.4,pending
53,42,2026-04-14,488.22,pending
131,194,2026-06-28,20.36,pending
534,80,2026-01-22,,refunded
189,199,2026-08-27,-41.94,refunded
799,77,2026-06-12,163.73,pending
675,115,2026-05-07,,refunded
589,42,2026-07-28,199.51,cancelled
716,63,2025-11-04,349.34,pending
29,19,2025-09-28,271.13,cancelled
185,103,2026-07-19,,completed
262,82,2025-10-26,315.27,refunded
234,30,2025-12-24,233.42,completed
510,8,2025-10-06,75.68,refunded
40,130,2026-08-11,246.82,completed
322,16,2026-05-25,202.08,pending
787,100,2025-09-13,,pending
365,90,2025-12-27,423.46,cancelled
135,180,2025-12-16,131.84,cancelled
33,157,2026-08-30,492.01,completed
321,140,2026-08-11,451.34,cancelled
220,74,2026-06-04,332.98,refunded
414,130,2026-01-11,41.72,refunded
798,113,2025-10-13,170.69,pending
16,192,2026-04-29,160.23,completed
760,70,2026-03-07,28.05,completed
395,30,2026-03-25,205.49,cancelled
731,118,2025-11-16,88.28,cancelled
597,38,2026-03-01,411.72,
774,142,2025-09-21,470.87,refunded
526,171,2026-04-04,176.98,completed
400,102,2025-09-07,435.91,cancelled
384,57,2026-07-09,200.66,completed
684,71,2026-04-02,98.3,completed
191,79,2026-08-30,-71.95,completed
536,148,2026-01-01,41.51,cancelled
133,62,2026-06-23,67.48,completed
562,62,2026-06-21,235.9,cancelled
598,9,2025-09-25,288.42,completed
529,93,2026-01-25,256.83,completed
265,59,,374.65,refunded
268,8,2025-10-05,27.77,completed
488,35,2026-01-25,,refunded
583,143,2026-04-08,469.78,pending
84,169,2026-05-09,46.97,cancelled
12,68,2026-01-09,463.63,refunded
781,114,2026-03-02,183.16,cancelled
123,119,2026-01-07,94.96,cancelled
180,164,2026-01-25,434.89,refunded
317,158,2026-06-30,207.02,cancelled
465,121,2026-04-16,349.56,pending
119,186,2025-12-16,86.7,refunded
445,94,2026-06-19,339.8,pending
595,185,2025-10-22,30.42,refunded
251,99,2026-06-05,494.26,pending
60,58,2026-03-15,16.71,pending
448,121,2026-02-27,452.47,pending
535,135,2026-07-27,208.34,refunded
68,112,2026-06-20,305.07,completed
401,57,2026-08-11,169.87,pending
335,68,2026-05-31,30.94,refunded
160,143,2026-01-28,10.02,pending
209,21,2026-07-27,301.03,refunded
794,185,2026-05-31,314.39,pending
81,74,2026-04-16,109.04,cancelled
318,9,2025-12-01,346.69,pending
86,173,2026-08-15,158.66,pending
725,5,2025-09-12,134.08,refunded
157,87,2025-09-03,19.21,cancelled
647,78,2026-06-20,293.32,completed
412,18,2026-01-19,237.12,cancelled
294,192,2026-04-26,210.67,pending
519,189,2026-08-06,97.09,
682,137,2026-03-07,192.74,pending
62,198,2025-12-20,143.17,refunded
41,24,2026-06-05,318.97,cancelled
221,195,2026-08-17,277.3,refunded
15,15,2026-07-21,291.69,completed
70,66,2026-05-11,26.97,refunded
18,15,2026-03-17,480.59,completed
75,171,2026-06-13,207.15,refunded
483,18,2025-10-26,175.68,completed
431,90,2026-02-01,158.56,refunded
397,177,2026-07-17,460.29,completed
622,106,2025-11-14,168.5,refunded
325,13,2026-02-02,394.46,pending
700,135,2026-02-15,162.77,refunded
13,74,2025-09-20,214.39,refunded
620,63,2025-12-28,30.13,pending
512,200,2025-09-17,,cancelled
247,179,2026-03-17,123.21,refunded
779,190,2026-08-20,197.86,cancelled
396,44,2026-02-24,401.65,refunded
678,46,2026-08-21,496.46,refunded
246,117,2026-02-21,466.76,pending
56,69,2026-05-30,83.8,completed
303,4,2026-03-18,135.91,completed
402,20,2026-08-20,257.69,completed
194,68,2026-08-11,331.91,pending
522,178,2025-09-14,458.66,refunded
531,127,2025-10-31,18.01,cancelled
211,7,2026-03-09,50.21,completed
309,163,2026-05-26,412.81,cancelled
28,3,2026-03-23,,completed
292,149,2026-06-09,185.61,pending
567,49,2026-04-22,382.75,refunded
255,26,2026-05-17,265.35,
720,67,2025-11-25,183.02,refunded
713,78,2025-11-01,478.72,completed
593,107,2025-11-03,293.93,completed
711,19,2026-04-27,98.14,pending
639,4,2026-03-22,369.63,cancelled
601,106,2026-02-26,253.4,refunded
689,63,2026-04-05,371.57,refunded
127,65,2025-10-16,418.28,refunded
524,116,2025-12-26,90.46,refunded
103,161,2025-12-25,123.43,refunded
89,117,2025-12-25,210.15,pending
223,30,2026-05-24,485.24,refunded
454,96,2026-07-08,279.5,completed
722,195,2025-11-08,420.67,pending
156,193,2026-06-11,235.03,refunded
738,56,2025-12-30,255.34,cancelled
451,129,2026-04-24,266.09,pending
169,91,2025-10-04,352.91,cancelled
626,123,2025-12-17,327.02,cancelled
577,146,,283.1,cancelled
71,1,2025-09-11,,pending
147,4,2026-04-04,425.54,refunded
137,200,2026-01-06,410.55,cancelled
392,112,2025-11-09,14.28,completed
141,20,2025-11-14,298.09,pending
307,7,2026-03-17,311.68,cancelled
377,14,2026-08-22,82.01,completed
106,36,2026-01-05,79.66,refunded
766,146,2026-05-13,418.15,refunded
92,193,2026-01-30,430.92,completed
235,166,2025-10-14,416.91,refunded
73,160,2026-08-21,160.39,completed
490,52,2026-01-28,443.47,cancelled
632,127,2026-06-27,97.22,cancelled
433,80,2025-12-31,281.67,cancelled
668,102,2025-10-03,130.96,completed
9,43,2026-03-05,206.17,refunded
456,73,2026-05-04,46.52,pending
532,120,,402.81,pending
232,182,2026-07-26,83.4,completed
608,157,2025-10-11,244.67,pending
654,192,2026-06-17,494.47,
80,141,2026-04-20,417.69,cancelled
489,10,2026-01-16,150.25,completed
219,85,2025-11-27,208.76,refunded
2,16,2026-06-08,204.3,cancelled
724,145,2026-02-07,432.72,pending
94,179,2026-08-04,261.39,completed
680,1,2025-09-05,379.31,cancelled
240,18,2025-10-20,141.74,refunded
641,45,2026-02-17,307.42,refunded
406,51,2025-11-29,-10.94,pending
54,106,2025-10-31,17.27,cancelled
745,46,2026-04-13,,completed
797,159,2025-10-13,193.05,cancelled
257,168,2026-03-27,485.13,completed
370,87,2026-02-22,178.76,pending
281,51,2026-04-01,499.69,refunded
163,177,2026-02-23,240.67,refunded
310,167,2025-11-22,207.11,pending
717,102,2025-10-30,457.99,cancelled
208,129,2026-07-12,272.29,refunded
746,135,2026-04-04,78.7,pending
1,173,2025-12-25,328.46,completed
468,5,2026-02-25,131.68,pending
770,14,2026-02-28,53.35,pending
162,126,2026-07-20,279.81,pending
128,5,2026-05-07,375.77,completed
17,150,2026-02-21,241.01,pending
471,78,2026-03-22,65.31,pending
642,110,2026-05-19,260.06,completed
102,197,2026-03-13,389.95,refunded
48,111,2026-02-22,68.09,cancelled
352,106,2025-11-21,172.77,refunded
121,101,2026-05-18,297.99,completed
784,27,2026-07-06,18,cancelled
134,145,2025-12-17,474.14,refunded
708,166,2026-06-25,44.14,refunded
561,132,2026-04-16,283.02,cancelled
346,17,2026-04-08,67.46,cancelled
291,80,2026-06-10,395.36,completed
331,34,2025-09-14,272.41,pending
776,22,2025-09-05,387.22,cancelled
305,150,2026-01-07,193.61,cancelled
217,121,2025-12-01,177.24,cancelled
440,130,2026-06-29,386.58,completed
768,99,2026-09-02,379.03,pending
408,46,2025-11-15,475.89,refunded
548,44,2026-08-17,331.07,
65,46,2026-05-06,292.39,cancelled
367,110,2025-10-26,423.35,completed
681,119,2025-12-05,338.38,
470,29,2025-09-04,389.21,pending
699,13,2025-12-25,,refunded
3,28,2026-03-03,128.08,pending
596,44,2025-12-21,264.5,refunded
336,135,2026-01-27,61.26,completed
500,111,2026-01-18,303.21,pending
466,195,2026-05-04,354.24,refunded
378,173,2026-03-24,45.38,refunded
285,71,2026-08-31,9.01,completed
528,41,2026-05-20,357.35,pending
413,71,2026-03-16,297.75,cancelled
96,117,2026-05-29,71,refunded
649,16,2026-03-03,,refunded
78,174,2026-04-03,375.33,pending
463,26,2026-03-06,420.39,cancelled
385,2,2025-10-05,106.19,pending
425,94,2026-03-26,189.56,cancelled
643,103,2026-02-09,336.28,pending
276,171,2026-06-24,9.65,refunded
747,159,2026-01-07,265.6,cancelled
592,5,2026-03-30,187.34,completed
146,18,2026-04-15,255.45,cancelled
403,136,2025-10-14,,cancelled
693,60,2025-10-10,408.81,cancelled
763,5,2026-01-20,480.93,pending
330,71,2025-10-08,429.91,pending
150,182,2026-03-15,80.73,pending
256,4,2025-09-30,362.61,refunded
136,43,2026-05-21,304.92,completed
130,200,2026-08-26,478.86,completed
672,121,2026-04-26,20.71,refunded
284,6,2025-09-25,489.08,refunded
740,169,2025-12-07,,completed
422,183,2026-08-02,46.74,pending
139,148,2025-12-04,340.29,refunded
98,194,2025-10-22,446.26,refunded
696,170,2025-10-14,263.02,refunded
527,141,2026-06-04,273.37,cancelled
274,150,2025-09-23,75.84,refunded
778,69,2026-06-27,81.34,pending
297,43,2026-01-19,132.2,refunded
792,77,2025-11-02,244.69,completed
721,120,2026-01-28,53.81,refunded
332,29,2026-04-08,332.22,completed
786,99,2025-10-02,11.11,refunded
552,159,2025-12-11,321.3,refunded
612,123,2026-04-16,177.66,cancelled
288,57,2026-08-09,,cancelled
546,33,2026-01-04,314.39,completed
750,145,2026-06-26,125.39,pending
584,51,2025-12-29,303.22,refunded
61,103,2026-05-19,167.49,completed
742,5,2026-03-14,267.06,cancelled
212,196,2025-10-03,337.78,cancelled
143,176,2026-08-09,,completed
631,10,2026-01-17,498.6,refunded
170,79,2026-03-31,129.44,completed
439,40,2025-12-05,43.2,completed
648,67,2026-01-29,328.57,pending
625,105,2026-08-22,328.18,refunded
360,171,2026-03-02,470.86,refunded
706,143,2025-12-27,267.35,refunded
603,133,2025-12-03,107.63,cancelled
215,72,2025-10-23,,refunded
243,151,2026-04-11,292.06,refunded
450,119,2026-03-19,385.87,refunded
90,184,2025-10-27,349.7,refunded
357,24,2026-08-01,,cancelled
270,38,2026-06-24,125.88,refunded
461,61,2026-05-18,196.15,completed
791,43,2026-03-17,220.16,refunded
254,26,2026-02-12,437.72,refunded
670,12,2026-04-30,214.73,completed
754,142,2025-10-03,240.62,completed
436,5,2026-03-03,184.49,pending
224,132,2025-09-06,413.34,completed
560,103,2025-10-03,69.73,cancelled
452,52,2025-09-23,401.62,pending
737,18,2025-11-09,355.05,completed
43,164,2026-03-07,490,pending
556,41,2026-08-12,222.6,refunded
376,199,2026-03-26,471,completed
557,119,2026-02-07,105.99,
275,164,2026-02-18,130.72,cancelled
587,133,2026-01-21,231.21,pending
116,125,2025-11-23,113.61,refunded
563,116,2026-05-20,127.72,completed
508,20,2026-03-28,337.24,refunded
761,176,2026-02-02,463.16,completed
580,160,2025-09-11,341.8,completed
173,50,2026-08-10,112.11,refunded
231,32,2026-03-04,19.29,pending
282,28,2025-09-18,122.42,cancelled
34,171,2026-05-09,409.47,cancelled
300,37,2026-01-17,378.3,pending
226,106,2026-05-13,31.83,cancelled
780,28,2026-03-05,50.3,cancelled
32,113,2025-12-13,417.7,cancelled
579,130,2026-01-29,227.93,cancelled
85,24,2025-09-13,410.12,pending
172,191,2026-05-24,270.25,pending
501,140,2026-03-23,150.41,completed
455,183,2026-08-13,423.72,completed
728,128,2026-04-06,,cancelled
426,100,2025-11-21,207.34,cancelled
504,43,2025-11-03,346.43,cancelled
702,48,2026-02-25,378.44,refunded
419,116,2026-08-27,,pending
507,164,2026-06-16,490.11,completed
669,191,2026-06-10,112.86,completed
518,64,2025-09-29,480.46,completed
576,94,2025-11-09,27.39,completed
394,182,2026-05-25,321.87,cancelled
200,176,2026-02-16,120.54,cancelled
140,102,2026-02-24,471.03,pending
497,87,2026-07-13,486.99,refunded
10,55,2026-08-21,433,completed
368,156,2026-01-17,464.9,cancelled
55,106,2026-08-30,402.11,pending
635,35,2026-03-27,426.27,refunded
462,96,2025-09-05,116.15,cancelled
323,32,2025-10-13,474.76,refunded
144,145,2026-05-14,392.4,cancelled
296,136,2026-08-31,253.39,cancelled
171,185,,100.33,completed
569,128,2025-12-26,16.47,refunded
178,71,2026-08-04,27.53,completed
661,147,,270.65,pending
551,167,2025-09-12,109.35,refunded
651,177,2025-11-29,63.12,cancelled
9001,15,2024-05-01,,
9003,22,2024-06-10,150,
